yid	name	censuses.1885.people	censuses.1895.people	censuses.1926.people	censuses.2010.people
3943	(Старый) Гапцах	939	883	1034	
3887	(база отдыха)			15	
3327	(старый) Хорель	417	422	547	
3915	5-й Караман			171	
481	? Бехвалутчи/Бехахутли			45	26
1047	Абдуразда			10	
1291	Абидуны Махи			86	
1949	Авадан	149	145	91	2855
1485	Авулт			12	
1051	Агада			35	45
3657	Агачаул	469	305	537	1811
855	Агачкала	24		90	447
215	Агвали	181	183	213	2453
287	Агвали			72	
2055	Аглоби	139	145	246	2343
2359	Адага	428	418	432	162
669	Аданак			19	1464
679	Аданак-Котан			14	
3665	Аджидада			155	1645
1539	Адукмахи			21	
3209	Азадоглы	36	42	297	1695
227	Азалала			6	
4739	Азильта	79	86	21	246
727	Айламабут			6	
9034	Айлигуб-Махи		39	0	
657	Аймаки	663	748	884	2342
1833	Аймаумахи		190	356	255
1391	Айнего-Махи			22	
1739	Айникаб	162	195	73	103
1293	Айникабмахи	327	373	146	380
1599	Айнурбимахи		321	390	287
1541	Айсалакак		45	81	21
879	Акайтала			197	688
1803	Акаль-Махи			5	
3897	Акаро			106	173
1717	Акасса			5	
4677	Акды	65	64	47	53
2295	Акка	122	124	134	599
217	Акнада	502	503	519	120
1287	Акуша	1988	953	2518	4700
1033	Акушали			85	51
219	Алак	665	654	779	2759
747	Алитала			5	
1385	Алиханмахи	405	395	340	831
3031	Алкадар	397	368	324	970
3363	Алкадар-Казмаляр			14	
3245	Алла-Кавах			125	
1691	Аллате		455	551	713
3827	Алмало			43	1620
2101	Алхаджакент	2034	2039	1323	2411
923	Алчуниб			189	193
3667	Альбурикент	429	503	416	12417
1497	Амалте	153	197	166	272
265	Аманы			41	
1389	Аметеркмахи	725	721	441	2139
1509	Амир-Али			3	
1049	Амир-Харик			36	
901	Амирала			35	
195	Амитль			71	
15	Амишта	122	141	135	129
1777	Амма-Лухи-Махи			21	
3925	Амсар	341	347	309	461
2353	Амузги	210	212	201	
3455	Амух	327	350	304	118
21	Амущи Большое	581	550	551	1510
23	Амущи Малое	159	137	187	126
4187	Анада	59	0	38	50
221	Ангида	471	426	517	7
225	Анды	2787	1703	2281	
25	Андых	557	595	602	971
473	Анисучи			8	
3457	Анклух	189	177	195	13
249	Ансалта	1265	1381	1373	4598
2235	Антиль	133	132	139	
475	Анхи			29	
469	Анхо			30	
567	Анхо			28	37
253	Анчик	571	664	813	817
873	Апши	1487	1431	1832	1655
2065	Араблинский 1005 вер.			8	
2067	Араблинский 1007 вер.			11	
2061	Араблинский 1015 вер.			4	
2063	Араблинский 1017 вер.			7	
2057	Араблинское			39	
2059	Араблинское			34	2175
3117	Араг-Казмаляр			70	
2105	Арак	318	322	315	462
27	Аракани	1050	1190	882	1638
3929	Аракул	532	554	481	423
3723	Арала			6	
1631	Арассамахи	57	31	49	30
1633	Арахара-Махи			8	
1601	Арачанамахи			65	187
1433	Арга-Буршна			17	
257	Аргвани	914	958	974	797
659	Аркас	140	146	268	317
2111	Аркит	359	404	422	608
3151	Арсуг	286	316	331	235
751	Арта-Арки			7	
3785	Артель Труда (б. кутан б. Сапарали)			52	
9030	Арукила		218	0	
1795	Арча-Махи			21	
921	Арчиб	804	765	126	200
259	Арчо	326	299	406	346
3109	Арчуг	100	102	158	109
3137	Асакент	309	273	219	107
289	Асали			24	
3091	Асаликент	331	318	339	322
3669	Асаул			328	
4679	Асах	260	311	130	5
1253	Асса-Хахитил			4	
261	Ассаб	946	979	835	1640
89	Ассаколо			27	
859	Атланаул	661	557	717	2375
3699	Атлы-Буюнская будка			7	
3299	Атрик	136	156	188	238
2267	Афна	118	122	97	193
35	Ахалчи	894	843	502	734
3461	Ахар	595	576	411	
665	Ахкент	301	330	394	1248
881	Ахмадатор			50	
1511	Ахмед			3	
1413	Ахмед-Махи			6	
1741	Ахмед-Хан-Махи			22	
2337	Ахмедкент	611	613	715	1026
941	Ахнада			47	
3379	Ахниг	430	442	300	21
1297	Ахсакадамахи			44	205
3931	Ахты	5935	5789	3886	13405
1053	Ачада			6	
479	Ачилобачи			37	
229	Ачилу			16	
2989	Ашага-Араг	408	1140	590	
3007	Ашага-Архит	589	546	429	811
3065	Ашага-Захит	396	349	306	
2999	Ашага-Стал	1312	1269	1342	2854
3001	Ашага-Стальские Казмаляры Верх.			87	
3005	Ашага-Цинит	459	417	415	789
3011	Ашага-Ярак	338	342	582	1329
2993	Ашагакартас	544	502	306	192
3003	Ашагастал-Казмаляр			177	2979
3429	Ашакент			279	210
231	Ашали	263	286	138	788
3017	Ашар	669	711	614	567
45	Ашильта	443	478	586	1982
3725	Аштан			12	
3471	Ашты	894	887	913	395
223	Аща	187	190	261	
1585	Ая			2	
1835	Ая-Бурхи-Махи		83	142	
9005	Аялакаб		76	0	390
1837	Аялизимахи	422	399	283	702
1839	Аямахи	302	191	290	
1491	Аяцимахи	120	114	100	122
1809	Аяцури	129	129	82	151
757	Багактул			4	
1525	Баганд-Махи			31	
3559	Багикла	382	361	303	86
1129	Багинуб	101	132	121	40
2123	Бажлук	247	251	284	41
47	Баитль	165	176	144	202
755	Бакал			21	
197	Бакда			37	
1719	Бакни	305	307	284	251
1057	Балануб			120	115
53	Балахани	898	904	1000	2166
1055	Балдутль			41	11
1621	Балтамахи			198	394
1401	Балхар	1424	1437	1195	941
4107	Барнаб	97	103	93	400
1933	Бархакент	106	105	45	
2211	Баршамай	1070	1040	883	2112
1059	Басар			20	13
51	Батлаич	772	788	770	1083
333	Батлахатли			72	3
1603	Бахмахи			224	226
1623	Бахмуд-Кент			35	
3381	Бахцуг	518	573	279	166
939	Бацада	725	835	877	755
1061	Бацикварих			18	3
9020	Баш-Дашагил	1146		0	
2151	Башлыкент	1547	1610	1477	3230
9018	Баят	18	17	0	
3219	Бедюк	209	221	292	301
4121	Бежта	1490	1613	1058	3500
4165	Бежуда	142	148	100	31
919	Без названия			107	
291	Бекахатль			26	
1951	Белиджи (пгт)			168	12238
1947	Белиджи (село)	517	629	439	4282
1953	Белиджи № 6			9	
233	Белилетль			8	
345	Белуха			4	
1301	Бергеинзи			67	124
1299	Берги-Мак-Махи			225	
1973	Берикей	875	850	922	3027
1977	Берикей			21	
1979	Берикей № 1			64	
1981	Берикей № 2			85	
1983	Берикей № 3			139	
1985	Берикей № 4			33	
4715	Берих			52	209
9001	Бет-аул	674	691	0	
4255	Бетельда	179	169	93	486
1063	Бетер			50	
63	Бетли	311	335	283	18
1635	Бикаламахи	102	76	72	57
3247	Бильбиль-Казмаляр			443	2042
2035	Бильгади			176	640
293	Бицида			58	
269	Бичила			20	
483	Бичичи			98	
1303	Бични-Махи			44	
3777	Богатыревка			408	3187
3781	Богатыревка			4	
819	Богатырь			78	
1091	Большой Урала			250	173
759	Боралаго-Озло			18	
3941	Борч	2290	2361	2325	19
263	Ботлих	1105	1041	1253	10787
4271	Бочох	40	49	28	81
1543	Буанзимахи		140	173	168
671	Буглен	1012	942	820	
829	Будка на 18 в.			4	
833	Будка на 27 в.			14	
831	Будка на 8 в.			7	
1955	Будка № 202			20	
1957	Будка № 211			8	
9	Буйнакск			10923	58625
1637	Буккамахи	178	167	118	58
347	Букуду			6	
1745	Букун-Махи			14	
1273	Бунараб-Рохоб			42	
1569	Бураган-Махи			5	
3275	Бурганкент	104	105	146	704
1305	Бургимакмахи	144	185	63	1283
1307	Бургимахи			50	136
1241	Бурдали			70	
1407	Бурдеки	339	335	399	652
3021	Буркихан	695	710	780	1193
1905	Буртанимахи		314	242	300
3573	Буртни	133	142	107	
1779	Бурхи-Махи			46	
1605	Бурхимахи		162	171	130
3495	Бурцанах	50	49	38	
761	Бурчике			12	
1747	Бурш-Махи			58	
3153	Буршаг	291	289	341	655
3477	Бурши	527	539	413	211
2167	Бускри	686	691	702	686
C01	Бути	336	337	0	
3313	Бутказмаляр			131	3127
3023	Буткент	328	305	205	463
1409	Бутри	1294	1205	1097	1098
1811	Бутулта	81	68	70	40
875	Бухна-Бака			13	
2393	Бухнаг	91	93	76	195
3481	Бухты	548	580	726	994
67	Буцра	682	675	614	1429
1841	Буцра-Махи		96	182	
1309	Вайкот			48	
715	Ванаков			351	
717	Ванашимахи			380	283
1843	Ванашимахи	465	434	537	760
3575	Варай	182	189	129	
2121	Варсит	278	266	235	243
2425	Вартатиль	146	155	154	
3483	Вачи	809	827	771	816
3119	Векеляр			22	
1987	Великент	967	975	1292	4203
3301	Вертиль	129	135	110	170
2439	Верх. Гулли	596	592	390	
285	Верхнее Гаквари			191	383
387	Верхнее Инхело	404	300	41	400
397	Верхнее Инхо	399	423	380	1030
725	Верхнее Казанище	2019	1972	2481	6576
1519	Верхнее Лабкомахи	599	618	691	743
1861	Верхнее Махаргимахи	618	334	216	93
4735	Верхнее Хваршини	129	156	160	245
39	Верхние Ахалчи			139	
1595	Верхние Мулебки	1421	1419	1157	1446
169	Верхний Арадирих	276	260	267	495
1501	Верхний Арши	362	319	401	993
59	Верхний Батлух	234	239	268	455
701	Верхний Дженгутай	1856	1756	1479	2145
711	Верхний Ишкарты			180	377
1355	Верхний Кавкамахи	749	105	86	452
1387	Верхний Камкамахи			15	75
817	Верхний Каранай	778	850	1161	737
1647	Верхний Каршли		260	140	165
3979	Верхний Катрух	182	207	261	425
1011	Верхний Колоб			159	81
1737	Верхний Убекимахи	712	644	411	842
1661	Верхний Чиамахи	172	170	115	78
2427	Вечрик	117	122	113	288
1411	Викри	925	909	834	22
3527	Вилттащи	238	234	166	
3465	Вираты	143	159	129	50
3487	Вихли	1283	1298	1195	1275
4765	Вициятли	69	116	49	178
3847	Водокачка ж.-д.			12	
1989	Волкова			5	
4017	Вруш	187	181	236	29
4235	Гагар	247	248	181	659
267	Гагатли	1360	1500	1981	3543
485	Гагичи			10	
487	Гадайчи			73	210
275	Гадари	359	355	306	254
277	Гадири	481	547	522	418
3099	Газардкам-Казмаляр			100	378
1065	Газилала			92	12
2213	Газия	171	166	90	386
4691	Гакко	448	480	368	320
4713	Галатли		194	48	199
1513	Гамза			4	
1781	Гамза-Махи			13	
3631	Гамиях	407	411	291	
1279	Гамсутль	204	222	227	6
235	Гана			27	
489	Ганга			36	
1313	Гандарамахи			78	186
1311	Ганжала-Кади Кунт			117	
1749	Ганца-Махи			34	
1417	Гапшима	741	727	656	1706
4207	Гараколоб	91	98	60	246
3993	Гарах			308	362
4221	Гарбутль	129	134	55	249
3165	Гарик	88	89	103	37
2399	Гасик	160	164	173	404
365	Гахибет			4	
73	Гацалух	340	364	363	473
279	Гачитли	121	117	75	128
491	Гачитль			31	
2103	Гаша	174	169	81	54
763	Гашибит			53	
4243	Гведыш	202	200	99	766
493	Гвиначи			141	45
4059	Гдым	610	641	180	388
3935	Гдынк	364	365	301	398
1425	Геба	573	540	536	737
4189	Гебгуда	74	28	15	49
1991	Геджух			118	6829
9007	Гекнаумахи		26	0	
667	Гели	2312	2390	1527	2796
3909	Гельбах	853	820	593	1474
4077	Гельмец	358	368	403	611
3033	Гельхен	574	541	496	576
4245	Гендух	81	85	28	284
4257	Генеколоб	215	229	236	750
77	Геничутль	426	457	261	315
4759	Гениятль	159	140	68	172
1227	Гента	547	521	559	583
4705	Генух	35	148	150	543
945	Гергебиль	1193	1310	1489	5196
729	Гергиш-Тала Б.			54	
731	Гергиш-Тала М.			21	
4259	Герель	117	104	122	395
9000	Герменчик	2556	2348	0	
1423	Герхмахи	584	600	611	2084
1571	Герхмахи			29	
1211	Гетана Тлура			24	
331	Гигатль	824	496	767	1349
1845	Гигац			20	
295	Гигих			5	103
4139	Гидатли	47	52	46	
1151	Гидиб	139	145	316	61
947	Гилиб	462	463	438	642
3041	Гильяр	505	511	632	2023
3101	Гильяр-Казм.			67	
341	Гимерсо	304	253	285	211
75	Гимры	1130	1125	1156	4651
4125	Гиндиб	269	297	173	305
821	Гинта			78	
1427	Гинта	1233	1208	1073	1535
2307	Гисик	67	73	82	293
2309	Гисик	95	100	85	
1681	Гиягарамахи		71	54	73
3901	Главный Кут			110	
865	Гляндур			49	
3045	Гоа	208	215	266	476
949	Гоаб	274	269	332	234
3645	Говкра	315	276	204	70
4041	Гогаз	533	508	366	
957	Гоготль	450	482	436	466
343	Годобери	887	1147	743	3050
91	Гозолоколо	153	146	167	162
1243	Голони			14	
81	Голотль	714	735	700	1493
959	Гонода	599	637	639	1415
83	Гонох	174	172	196	373
1267	Гонтлоб	64	66	59	33
1009	Гоор	932	896	813	809
1021	Гоор-Хиндах			103	267
1155	Горт			116	
87	Гортколо	270	272	231	241
4261	Гортноб	82	87	73	197
3315	Готаг-Казмаляр			45	
4695	Готколи			40	
93	Гоцатль Большой	1028	1089	935	2189
95	Гоцатль Малый			224	581
123	Гоцоб	168	160	159	164
961	Гочада	622	661	459	147
973	Гочоб	688	765	702	476
419	Гоштада			90	
3933	Гра	472	440	406	
3821	Грознефтепровод			3	
1639	Губача-Галицы			48	
3717	Губден	7111	6991	6122	8624
3675	Губечаул			194	
837	Губур-Га			6	
2271	Гувлиг	141	149	122	487
3409	Гугнох-Казм.			70	
1457	Гузбая			38	11
3507	Гуйми	396	448	311	70
1435	Гуладты	726	699	638	663
1431	Гуладтымахи	507	491	472	417
1895	Гулебки	259	255	209	386
1751	Гуллай-Махи			13	
2327	Гульды	173	167	151	145
1847	Гум-Махи			138	
2265	Гуми	248	256	251	261
1315	Гумрамахи			151	642
2175	Гунакари	271	275	201	371
511	Гундучи			102	
4227	Гунзиб	148	163	45	199
1247	Гуниб			387	2271
1245	Гуниб (лесная дача)			21	
1683	Гуннамахи		65	27	59
963	Гунух	326	331	317	87
271	Гунха	198	214	242	129
3731	Гурбуки			13	5321
1713	Гургумахи		176	76	541
1317	Гурдхи-Махи			112	
1319	Гури-Махи			51	
2293	Гурик	358	266	412	804
2253	Гурмиша	85	82	106	
4707	Гутатли	160		132	363
4061	Гутум			164	
3499	Гущи	209	222	193	65
2297	Гюгряг	155	152	145	268
3407	Гюхряг	201	172	91	1456
3807	Д.О. Манас			62	
3211	Давуд-Келе			48	
1167	Дагбаш	426	415	441	264
7	Дагестанские Огни			1048	
2299	Дагни	160	160	166	313
1067	Дадулазда			66	26
2329	Дакниса	200	201	208	436
421	Дамиг			76	
1545	Дамкулакада		143	97	48
359	Данух	274	220	390	810
1159	Дарада			216	217
2005	Дарваг	961	968	1223	2889
3141	Дардаркент	288	258	196	367
3121	Даркушказмаляр			132	2805
139	Датуна	67	80	75	179
1783	Дауда			24	
3779	Дахадаевка			166	284
1439	Дегва	411	132	540	821
1441	Дейбук	931	980	991	434
2007	Деличобан	521	487	485	2216
5	Дербент			23097	118599
3951	Джаба	1504	1792	806	703
2149	Джаванкент	1168	1177	760	1013
2155	Джавгат	466	470	579	2185
17	Джалатури	169	190	160	82
2021	Джалган	271	272	442	724
9031	Джанга-Кунт		162	0	
1445	Джангамахи	783	259	301	698
3411	Джараг	291	329	19	
1321	Джарон-Махи			55	
2023	Джемикент	687	647	750	2555
3329	Джепель	123	106	195	634
2153	Джибахни	735	740	567	1200
3957	Джиг-Джиг	437	465	217	
2255	Джигия	116	120	129	289
4013	Джилихур			251	742
9015	Джимджимах	93	135	0	
2217	Джинаби	385	342	338	706
4005	Джиных	537	532	262	277
2331	Джирабачи	470	470	451	531
2429	Джугдиль	272	271	325	917
3303	Джули	358	390	386	631
2301	Джульджаг	180	180	163	715
2303	Джульджиниф	70	62	68	197
2379	Джурмачи	223	231	256	152
1451	Дзилебки	406	398	481	714
2375	Дибгалик	359	367	357	557
2165	Дибгаши	532	527	450	1130
1693	Динго			22	
1481	Дитуншимахи	133	133	152	486
677	Доргели	4291	4620	3162	5781
951	Доронуб	123	131	111	150
3047	Друштул	362	371	372	
1455	Дуакар	276	263	291	248
9028	Дуаршин		82	0	
1323	Дубримахи	943	999	256	692
3057	Дулдуг	371	386	380	544
705	Дуранги	329	342	345	553
2257	Дуреги	287	279	335	270
887	Дуржул			113	
977	Дусрах	333	333	315	280
3493	Дучи	308	341	264	
2177	Дюбек	878	818	1041	1893
2341	Евр. слободка			306	
2415	Екраг	128	141	160	156
2305	Ергюняг	62	59	64	60
2185	Ерси	735	750	1197	1805
3865	Ж. д. буд. 949 клм.			12	
3863	Ж. д. буд. 959 клм.			24	
3799	Ж. д. будка 969 к.			14	
2025	Ж. д. будка 973 вер.			23	
3797	Ж. д. будка 978 к.			7	
815	Ж. д. будка на 18-й версте			4	
3801	Ж. д. казарма на 932 клм.			11	
3849	Ж. д. казармы 882 клм.			29	
4167	Жажада	76	81	58	199
1561	Жамсоры		42	73	
1849	Завгуреланлала			62	
3061	Заза	494	500	470	37
199	Заиб			56	226
131	Заната	200	202	159	198
1255	Зевер			184	
3761	Зели-Кака			177	
3911	Зем. Артель Батраков			68	
4709	Зехида	103	105	82	502
367	Зибиру			30	
361	Зибирхали	285	279	147	64
2031	Зидьян	533	532	574	150
2037	Зидьян-Казмаляр			332	977
3071	Зизик	508	494	489	1235
273	Зило	569	469	510	1220
2193	Зиль	346	345	433	454
2187	Зильбачи	325	339	397	941
3079	Зильдик	475	446	512	585
1881	Зильмукмахи	193	223	244	328
389	Зиндулла			14	
55	Зирани	154	160	188	65
3081	Зирдаг	319	314	290	
1231	Зиуриб	226	239	232	326
3953	Зрых	768	760	843	1838
2377	Зубанчи	616	622	664	1639
1547	Зурилаудимахи		83	143	461
3025	Зухрабкент	469	452	396	250
1069	Ивайлазда			32	73
99	Игали	1138	1135	856	2558
4069	Играх	158	159	182	2
281	Идходатль			13	
379	Изано	412	433	318	1211
3773	Избербаш			7	55279
4143	Изта	34	39	17	17
3085	Икра	1343	1085	1288	1620
1295	Имхила Махи			33	
383	Ингердах	456	490	531	1065
385	Ингиши	414	454	455	839
1325	Инзимахи			145	1382
3467	Иниша	167	163	114	131
209	Инквалита	173	176	135	46
1695	Инкучимахи		65	86	541
4693	Инхоквари	289	319	238	258
337	Инцатли			14	
1035	Ипута			217	97
2189	Ираги	352	353	361	843
2171	Ираки	286	299	251	394
1503	Иргали	202	226	204	206
107	Ирганай	596	613	699	2290
993	Ириб	562	555	460	1108
2343	Иричи	121	121	90	8
297	Исибки			10	
3089	Испик	520	485	581	1274
329	Исси			27	
495	Италт			7	
79	Итля	138	153	115	
3955	Ихир	1231	1141	410	
3959	Ихрек	1725	1669	1456	2049
2197	Ицари	535	563	639	223
4681	Ицирах	61	58	23	487
1587	Ича			13	
4071	Иче	189	195	242	2
497	Ичидары			8	
3225	Ичин	484	481	434	333
403	Ичичали	489	484	482	156
211	Иштибури	194	192	196	292
4277	Кабасида	28	36	22	16
301	Кабилач			8	
3113	Кабир	1932	1987	1135	1424
3097	Кабир-Казмаляр			411	2191
1327	Кавкамахи	489	523	426	1407
1329	Када-Кунт			58	
4273	Кадан	25	20	2	
713	Кадар	3261	3214	1530	2276
1573	Кадарла-Дак			11	
1645	Каддамахи	46	46	48	94
3735	Кадиркент			112	871
29	Казакин-Бак			27	
3829	Казалиево			10	
3831	Казарма 894 кл			19	
3833	Казарма 899 кл.			15	
681	Кака			42	
3961	Кака	726	700	632	1653
683	Кака-Кас			21	
801	Кака-Шура	3626	3922	3097	6030
3765	Какакутан			18	
685	Какали-Баш			46	
803	Какамахи			71	1270
1479	Какамахи	955	933	770	2652
1331	Какил Кунт			101	
1333	Какмахи			62	612
1997	Кала	160	167	154	1751
4095	Кала	196	181	171	410
3963	Каладжух	1335	1331	795	1758
4275	Калда	84	110	20	
925	Калиб			43	
335	Калих-3			62	
2173	Калкни	592	587	488	1316
1335	Калтай-Махи			82	
3937	Калук			254	1231
3965	Кальял	520	526	158	399
9022	Камарван	1062		0	
3399	Камаркент	100	88	69	
3565	Камахал	284	313	246	53
3561	Камаша	243	247	230	25
4263	Камилух	352	346	207	904
569	Камилю			8	
1343	Камкадамахи			114	288
1393	Камха-Махи В.		61	47	
3739	Камыш			56	
1483	Канасираги	837	791	703	733
1697	Канда-Махи			16	
3503	Кани	784	814	526	289
3867	Канибур			16	
907	Канят-Булак			5	
2205	Капкайкент	1411	1413	920	1020
3661	Каптан			27	
3511	Кара	1200	1226	819	532
841	Кара-Тюбе Вер.			6	
3757	Карабудахкент	4023	3709	3220	15361
2099	Карадаглы	131	132	182	788
1041	Карадах			9	392
4279	Карадла	38	48	23	33
3973	Каракюре	3073	2844	2368	1209
3919	Караман 2			12	
719	Карамахи			810	4489
3769	Каранай Аул	450	538	485	1693
953	Карануб	194	197	145	161
405	Карата	960	948	1262	4154
2209	Карацан	725	689	754	1162
159	Карачитль			5	
3505	Караша	460	460	414	165
1651	Карашимахи	81	70	46	59
1665	Караямахи	76	79	54	60
1489	Карбучимахи	441	456	390	276
1607	Кардамахи			78	107
9029	Кардарга-Бурхила		75	0	
4127	Кардиб	260	296	165	391
1907	Карекадани	1107	165	259	730
1909	Карекадани		248	261	
1813	Каркаци	70	50	53	68
1799	Карлабко	716	702	696	2686
1727	Карт-Махи	60	91	139	
2215	Карталай	445	429	246	599
3115	Картас-Казмаляр			212	1817
3367	Картас-Казмаляр			24	
675	Карти-Котан			15	
3075	Карчаг	754	761	724	1738
1667	Кассагумахи	155	110	103	143
3125	Касумкент	580	623	1296	13234
4281	Катросо	123	117	46	81
825	Кафыр-Кумух	1298	1116	1231	5103
115	Ках	212	221	211	276
65	Кахабросо	345	341	311	796
1007	Кахиб	1610	1682	1312	1090
109	Кахикал	105	124	116	339
3447	Кахцуг	488	441	394	643
3633	Кацран	129	134	123	
499	Качак			8	
3393	Качалкент	239	241	217	258
721	Качкалык			408	419
891	Качмас			24	
1731	Кашае-Махи	32	37	30	
3513	Кая	2253	2293	1420	579
2041	Каякент	2118	2050	2166	11145
413	Кванада	846	830	996	1389
453	Кванкеро		496	205	369
4697	Квантлада	271	278	177	86
415	Кванхидатли	546	419	420	921
3035	Квардал	120	150	161	184
4145	Кверсатль	100	87	28	11
1027	Кегер	608	3475	709	596
4701	Кеди	484	527	285	740
C03	Кенхи	530	918	0	
1337	Кергуз-Махи			39	
31	Керекуб-Бак			66	
1339	Кертукмахи			94	662
927	Кесериб			76	82
979	Кехаб			43	
1341	Кецли-Махи			32	
1549	Кивурги-Махи		50	30	
4703	Кидеро	269	357	283	748
409	Кижани	309	314	309	345
3851	Кизилюрт			223	32552
1031	Кикуни	1081	943	1008	3224
3999	Килер			458	395
411	Килятль	581	519	637	1034
4683	Кимятли	81	83	20	242
3987	Кина	240	262	196	653
1853	Киндау			40	
9016	Киргил	12	12	0	
303	Кирижбай			35	
3333	Кирка			96	1252
2219	Кирки	423	398	434	175
2233	Кирцик	316	305	253	92
4767	Китлярта	32	37	10	216
4761	Китури	179	220	77	666
4023	Киче	173	162	188	439
2241	Кичи-Гамри	710	732	563	1696
3615	Кичурлух			250	
4141	Кишдатль	77	86	49	23
2245	Кища	1803	1789	431	3030
1459	Кищамахи	191	207	146	148
1013	Киэних			63	25
767	Ковус			14	
3103	Коган-Казм.			25	
1071	Кодух			39	
1759	Койли-Махи			74	
501	Койны			18	
1855	Колнцау-Махи			38	
37	Коло			63	
191	Коло	217	191	214	538
207	Колоб	281	286	249	242
4237	Колоб	337	322	119	365
1257	Колоб-Раал			13	
201	Колони			16	
1157	Колтуху			125	
305	Коляда			12	
689	Кона-Котан			32	
687	Конабур-Котан			105	
3107	Кондик	572	582	741	1459
691	Контук-Баш			8	
3135	Конциль	636	604	603	428
733	Кончиз			5	
3701	Копир-Тукен			12	
1259	Коралух			2	
1039	Корода	1507	1456	1380	939
4007	Корш	52	55	34	65
503	Косачи			52	
4137	Кособ	72	75	55	245
981	Косрода	208	205	186	114
3161	Кочхюр	1134	1127	865	
3139	Кошкент	539	518	469	645
1993	Красный Труд			99	
117	Куаниб	287	292	320	454
3519	Куба	917	842	937	456
929	Кубатль			100	120
2249	Кубачи	2232	2241	1733	3055
1345	Кубин-Махи			17	
3501	Кубра	182	170	158	198
1685	Кубримахи	43	38	38	18
2311	Куваг	98	98	103	99
3167	Кувиг	227	246	166	102
3145	Куг	579	611	696	862
2191	Кудагу	152	148	248	564
1043	Кудали	978	967	1123	914
181	Куди Магом.			8	
417	Кудиябросо	708	700	367	2233
119	Кудутль	677	668	524	541
4033	Кудчах	483	424	115	
2131	Кужник	349	343	366	846
455	Куитли			201	
3179	Куйсун			160	3194
1589	Куйчу			8	
3019	Кукваз	317	324	262	187
1073	Кукер			74	16
3521	Кукни	456	459	296	66
1857	Кула-Кади			6	
1859	Кула-Махи		200	234	
2157	Кулегу	116	102	107	155
851	Кулецма	1439	1525	1250	2175
1403	Кули	411	405	360	157
3523	Кули	2036	2036	2430	3946
1913	Кулибухна	356	353	373	407
3169	Кулиг	128	138	123	120
2251	Кулиджа	259	258	295	403
2313	Кулиф	128	133	165	624
1669	Кулиямахи	197	217	188	209
943	Кулла	557	590	423	27
2053	Куллар	107	122	167	2314
3641	Кулушац	328	339	297	63
3837	Кульзеб			39	2023
3541	Кума	740	730	447	479
1699	Кумамахи		145	200	397
3525	Кумух	2900	2872	1746	1931
3597	Кундах	154	162	91	32
1499	Кундурхе	192	204	198	376
3533	Кунды	1135	1050	771	813
101	Кунзах			126	362
3537	Кунки	674	674	647	780
1487	Кунци			17	
1495	Куппа	735	818	870	1459
125	Кура-Курух			27	
3149	Кураг	260	225	352	420
3157	Курах	1867	1751	1993	3236
9025	Курбан-Махи		9	0	
1701	Кургу			106	
4079	Курдул	313	323	205	268
1347	Кури-Махи В.	194	116	71	
1349	Куримахи	92	209	423	1146
1397	Куркабе-Махи			74	
1735	Куркаби	87	68	84	337
1733	Куркаби Верхний	60	84	74	
2433	Куркак	208	211	275	265
3159	Куркент	931	896	1136	4074
1429	Куркимахи	343	347	330	395
1815	Куркимахи	133	139	105	126
3539	Куркли	985	972	619	418
3509	Курла	351	358	262	78
3939	Курукал			65	880
735	Курукташ			8	
3981	Куруш	4760	4039	3694	828
3969	Кусур	580	518	216	610
3679	Кут № 1			5	
3681	Кут № 2			6	
3683	Кут № 3			31	
955	Кутих	205	233	114	224
1507	Кутиша	1368	1358	1219	1919
4111	Кутлаб	306	350	371	1011
3433	Кутул	370	358	225	195
4025	Куфа			82	313
983	Кучраб	296	313	292	46
3171	Куштиль	422	421	389	964
1653	Куялла-Муг-Махи			16	
3105	Кчун-Казмаляр			135	723
2135	Кюрек	83	67	52	93
2279	Кюряг	317	341	291	452
3775	Кяхулай	726	730	581	6960
237	Лагу			15	
3325	Лака	216	219	199	606
4073	Лакун	79	81	110	13
3585	Лахир	341	330	229	44
1075	Лахчайда			32	42
4045	Лгапиркент	598	589	190	
1523	Леваши	1188	1197	1614	10011
3703	Ленинкент			122	15532
769	Лесная сторож.			1	
771	Лесная сторож.			11	
773	Лесная сторож.			3	
775	Лесная сторож.			3	
777	Лесная сторож.			9	
779	Лесная сторож.			3	
857	Лесная сторож.			30	
2107	Лидже	252	261	314	245
2321	Лища	345	309	339	111
3905	Лопатин № 4			24	
3907	Лопатин № 6			16	
351	Лудига (часть Годобери)			52	
3983	Луткун	691	635	608	2790
3985	Лучек	494	483	520	478
2315	Ляхе	181	184	169	248
3163	Ляхля	220	210	312	614
3917	МТФ			34	
1625	МТФ Урханала			89	
3311	МТФ Ханджалкала	239	212	275	
1443	МТФ Чадыкмахи	138	118	96	
3603	МТФ Чара	204	209	191	
3517	МТФ Шира			34	
3365	МТФ клх. Новый Путь	22	19	23	
3695	МТФ колхоза им.Ленина			196	
3721	МТФ свх.Губденский			5	
1121	Маали	963	1000	948	2921
1127	Магар	318	340	217	296
3181	Магарам-Кент Казмаляр			58	
3175	Магарамкент	369	312	503	6951
4147	Магитль	93	85	41	21
1077	Магомедхан			16	
1703	Магора		372	105	
2335	Маджалис	1481	1422	1021	6820
3989	Маза	1095	1070	577	
4169	Мазада	44	36	40	196
457	Мазаетлох			51	
1671	Макак-Махи			7	
2443	Маллакент	132	141	125	260
2243	Мамааул	233	237	220	615
2027	Мамай-Кент			68	
1995	Мамедкала			78	11030
3805	Манас			71	
3809	Манас			92	5359
853	Манасаул	223	269	496	629
3791	Манаскент			237	4995
2079	Марага	1791	1812	1941	1794
3607	Марки	176	156	111	
1517	Маха			3	
1	Махачкала			32000	570845
3371	Махмуд-Кент-Казмаляр			179	
1215	Мачада	551	515	503	429
4283	Мачар	93	105	46	101
307	Мачбал			42	
1515	Маша			1	
2159	Машаты	271	283	286	185
391	Маштада			152	267
1419	Мегва	432	403	324	
1147	Мегеб	727	762	710	702
3687	Медетаул			72	
3083	Межгюль	701	698	792	1217
1537	Мекеги	3866	2624	2550	2931
845	Мельница вод.			11	
847	Мельница № 4			4	
433	Местерух	492	504	585	1009
4719	Метрада	188	222	254	550
1535	Меусиша	1454	1380	1408	1377
435	Мехельта	1873	10171	1919	3309
437	Миарсо	278	282	276	1714
1609	Миглакасимахи		375	529	535
4035	Миджах	460	442	250	152
2259	Мижигли	202	188	195	383
4149	Микдатль	51	58	34	13
4081	Микик	290	296	258	533
1463	Микрасанамахи	78	76	78	53
3997	Микрах	3651	3495	1554	1260
693	Мирза-Аул			50	
1437	Мирзита	209	207	162	372
1591	Мирке-Бугре			12	
3359	Миси	213	235	231	285
3995	Мискинджа	2833	2753	1826	3518
2081	Митаги	769	781	551	648
2083	Митаги-Казмаляр			186	1177
2085	Митаги-Казмаляр			90	
571	Митларота			54	
1207	Митлиуриб			438	687
4723	Митлуда			78	41
1999	Михайловка			62	
4003	Мишлеш	732	681	585	1181
121	Могох	602	622	530	274
129	Могох	226	243	272	363
985	Могроб	110	109	90	16
1015	Мокода			90	100
4711	Мокок	298	318	122	489
1199	Моксоб	256	244	324	
127	Моксох	309	309	241	220
9033	Молднна-Махи		108	0	
1959	Моллакент	40	36	79	1020
1961	Моллахалил	55	57	87	
1249	Молчада			52	
133	Мочох	420	418	372	399
1149	Мощоб	139	155	175	24
2089	Мугарты	934	953	880	1616
1081	Мугдаб			58	97
3197	Мугерган			341	1539
1565	Муги	2649	2347	1950	3372
1583	Мугри	680	675	750	
1275	Мугурух	287	291	274	317
3569	Мукар	347	345	249	220
1465	Мукракари	2	211	181	134
995	Мукрах	63	59	61	
1133	Мукутль	164	166	188	94
1865	Мулин			50	
505	Мулла			116	
439	Муни	911	748	586	3220
1153	Мурада	1370	835	194	1558
1619	Мургук	1150	1085	876	1653
1673	Мурлатинамахи	30	33	25	28
965	Мурух	59	58	69	82
507	Мусаря			76	
1817	Мусклимахи	71	70	46	
4009	Муслах	535	532	392	612
1173	Мусрух	143	122	144	93
1705	Мусультемахи		202	221	483
3971	Мухах	229	232	43	233
309	Мухгада			12	
1079	Мучула			9	
135	Мушули	300	294	331	571
2349	Мюрего	2760	2678	2351	4225
4011	Мюхрек	694	697	382	191
4113	Надар	85	74	29	176
1195	Наказух			190	136
141	Накитль	118	130	149	162
1217	Накитль			103	196
695	Нан-Котан			7	
1915	Нарчебе			49	
1627	Наскент	1065	1012	956	2951
4225	Нахада	238	266	115	486
707	Нахадурали			79	
1629	Нахки	415	411	263	417
1663	Наци	443	167	151	150
4171	Начада	76	60	46	163
3835	Нефтекачка			101	
2045	Нефтян пром.			18	
3853	Нечаевка		170	234	4783
349	Ниж. Годобери (часть)			172	
395	Нижнее Инхело	434	436	494	2111
401	Нижнее Инхо	558	557	477	1343
745	Нижнее Казанище	4652	4926	4890	12865
1395	Нижнее Камкамахи		159	197	
1521	Нижнее Лабкомахи		416	325	365
1863	Нижнее Махаргимахи		214	316	330
1597	Нижнее Мулебки	2511	632	563	440
1923	Нижнее Чугли	583	559	702	1534
311	Нижние Гаквари	1179	1303	396	497
4733	Нижние Хваршини	289	333	312	372
1829	Нижние Цурмиямахи			49	
171	Нижний Арадирих	156	148	161	309
1901	Нижний Арши		223	224	550
61	Нижний Батлух	469	571	577	1332
703	Нижний Дженгутай	4733	4314	4552	7517
709	Нижний Ишкарты	631	551	539	1002
823	Нижний Каранай	658	659	462	192
1649	Нижний Каршли	246		67	85
3977	Нижний Катрух	766	784	885	431
1017	Нижний Колоб			102	52
1775	Нижний Убекимахи	226	243	94	802
3819	Нижний Чирюрт			263	1508
2247	Нижняя Кища			243	
1945	Нижняя Цухта		118	159	
1467	Никабаркмахи	19	11	15	
4129	Никар	148	125	67	235
4173	Никлида	60	54	55	169
137	Нитаб	161	164	147	235
4209	Нитилсух	41	40	26	257
3609	Ницовкра	295	304	205	
3285	Ничрас	280	305	403	881
3123	Новая Мака	99	80	28	3704
2043	Новокаякент			246	5127
3877	Новый Хушет			43	11368
4193	Нойрух	77	72	52	218
723	Нуай			244	
1527	Нугай-Махи			5	
997	Нукуш	246	255	168	175
4285	Нухотколоб	59	44	20	48
1963	Нюгди	493	521	278	1763
3199	Нютюг	690	671	695	1231
3719	ОТФ Абай			15	
509	Обатль			48	
143	Обода	747	734	701	664
1163	Обох	434	656	408	358
2009	Огни			84	
4239	Огох (нежил.)	54	69	33	
899	Орада Чугли	403	470	452	982
167	Оркачи	298	298	319	401
145	Орота	638	632	669	1679
3203	Орта-Стал	701	655	1052	2842
441	Ортаколо	162	137	80	598
3207	Оружба	143	107	203	1840
1575	Осман-Махи			9	
3899	Остров Чечень			766	212
3875	Отермен			166	
3967	Оттал	176	182	109	401
861	Охли	1138	1110	1366	1900
4769	Оцих	24	33	17	
737	Очакай-Тала			19	
147	Очло	226	221	205	572
2091	Падар	292	289	365	2265
3543	Палисма	294	299	211	13
1577	Панахмахи	736	574	525	
863	Параул	2597	2496	2088	4949
3691	Паром-Аул			50	
2011	Перво-Майский № 1			29	
2013	Перво-Майский № 2			33	
2015	Перво-Майский № 3			78	
2017	Перво-Майский № 4			16	
2019	Перво-Майский № 5			13	
3	Петровск-Кавказский			1552	
3927	Пилек	70	63	117	
2421	Пилиг	407	406	371	760
2237	Пиляки	189	190	209	29
3291	Пиперкент	365	233	174	226
3855	Полуказарма 888 клм			19	
3685	Присулакский рыбхоз			33	
3053	Птикент	211	191	174	265
1351	Пунгри-Махи			31	
1551	Пурримахи		135	292	77
1219	Равкватль			91	34
1165	Ратлуб	735	635	730	958
251	Рахата			373	2911
353	Рахатлы			67	
445	Рацитль	343	360	362	112
407	Рачабулда	100	90	145	168
4685	Ретлоб	47	75	33	170
447	Риквани	687	770	836	769
1169	Ритляб		431	419	94
3217	Рича	653	625	885	1270
313	Ричаганих	277	324	172	175
9003	Росно	23	11	0	555
4211	Росноб	34	44	26	284
4175	Роста	39	32	29	74
1083	Росутль			139	78
2075	Рубас	189	186	312	3099
1967	Рубас № 4			107	
1969	Рубас № 5			37	
1171	Ругельда	466	503	381	572
2405	Ругудж	367	372	315	812
1185	Ругуджа	2005	1823	1940	1637
3087	Ругун	64	59	92	149
3277	Ружник	246	256	259	
2161	Рука	319	315	365	959
1177	Рукдах	98	105	85	
2093	Рукель	1162	1212	1109	2742
239	Рукотль			16	
999	Рульдаб	426	145	153	37
1971	Русло реки Гюрченчай			50	
4021	Рутул	2127	1990	1769	4131
369	Рухуг			9	
2113	Рушуль	297	316	339	455
443	Рушуха			47	58
3715	Рынок			13	
4153	Сабда	38	37	47	5
2087	Сабнова			537	3823
4721	Сагада	321	311	166	340
2071	Сад Араблин			1	
2073	Сад Мардановой			2	
3395	Саидкент	298	281	315	1007
3293	Сайтаркент	458	421	347	462
4265	Салда	143	138	96	361
2001	Салик	161	71	236	1766
1191	Салта	995	1123	909	684
3749	Салтабак-Эльд			5	
3373	Сальян	173	165	192	97
423	Саминг			92	
3249	Самур			324	3432
1707	Сана-Махи Н.			140	
2201	Санакари	128	133	178	
3473	Санжи	79	72	94	
4213	Саниорта	109	108	69	290
4287	Санта	47	54	25	43
551	Сантлада	180	209	148	109
513	Санух			47	23
2345	Санчи	606	598	609	1797
3451	Сараг			78	28
3143	Сардаркент	152	147	178	721
4725	Саситли	277	310	163	319
1197	Сачада	309	249	354	145
4159	Светль	61	78	59	
1353	Семгамахи			188	667
1453	Сергокала	250	244	647	8141
2281	Сертиль	149	152	166	399
1085	Сех	2142	2142	197	289
783	Сийлали			32	
2435	Сика			84	112
4131	Сикар	66	61	47	159
2283	Сикух	144	144	109	199
1045	Силта			155	258
4727	Сильди	337	518	360	210
4177	Синида	17	19	19	19
151	Сиух	763	772	661	278
4031	Смугул	759	742	466	540
3317	Советское	397	474	111	4220
1193	Согратль	1929	1987	2000	2359
1135	Содаб	114	114	89	72
2095	Солёное озеро			2	
1179	Сомода	300	210	264	459
173	Средний Арадирих	234	235	287	579
449	Старый Сивух	802	882	772	
4053	Старый Хкем	472	467	280	
3857	Сторожев. пост			14	
1553	Субахтымахи			71	18
787	Сувлука			30	
3489	Сукиях	289	308	261	253
3883	Сулак			426	8564
3889	Сулак 3			47	
3891	Сулак 4			33	
3885	Сулак № 1			7	
1797	Сулейбакент	560	563	465	1255
2367	Сулипа	46	46	103	
3845	Султан-Янги-Юрт	2005	1501	1200	8578
3551	Сумбатль	685	731	594	262
1201	Сумета	24	32	48	24
1469	Сумия	209	203	175	148
1819	Сур-Сурбачи	136	114	133	171
2333	Сургия	166	164	229	182
2127	Сурхавкент	45	40	73	42
2169	Сурхачи	400	405	312	452
1937	Сусакент	176	170	136	429
315	Сусла			6	
3767	Сутайкутан			67	
1715	Сутбук	363	359	327	286
4083	Сюгут	189	182	129	167
3529	Табахлу	653	694	403	
111	Тагада	156	160	185	498
1941	Тагиркент	315	299	158	478
3183	Тагиркент	465	403	172	356
3243	Тагиркент-Казмаляр			504	3004
451	Тад-Магитль	735	331	295	1203
4133	Тадиял	176	140	72	
149	Тадколо	99	96	94	
1939	Тазиркент	275	281	161	
849	Такалай			15	414
4215	Талсух	83	84	53	395
969	Талух	190	159	179	95
4179	Тамуда	72	63	65	67
465	Тандо	571	564	653	641
1723	Танты	996	951	916	826
153	Тануси	569	589	511	512
3861	Тарки	3331	1802	1983	15356
1555	Тарланкак			157	27
1709	Тарлимахи		115	73	151
467	Тасута	240	275	347	369
3055	Татарханкент	523	470	545	143
2195	Татиль	181	181	361	1128
2097	Татляр	341	342	440	1510
1725	Ташкапур	475	495	533	1417
1729	Тебекмахи	541	542	831	2274
4001	Текипиркент	322	324	208	284
161	Текита	111	111	127	165
1505	Телагу	214	249	287	215
1205	Телетль	1686	1824	1650	3552
911	Темир-Чекарик			5	
3839	Темиргое			83	1916
789	Темирхан-Капур			60	
515	Тенла			82	65
3705	Терен-Аир			8	
697	Тершаил			18	
1221	Тидиб	604	616	667	1089
4155	Тиланиб	52	48	25	4
4115	Тилутль	42	258	55	346
471	Тинди	1678	2050	386	2309
3273	Тинит	205	201	300	1385
4181	Тинчуда	84	101	67	211
519	Тисси	204	225	331	576
517	Тисси-Ахитли			56	446
4249	Тихаб	81	91	70	
157	Тлайлух	163	111	209	375
103	Тланхлоры			125	
535	Тлибишо	287	296	250	939
537	Тлиси	99	97	149	210
4195	Тлобзода	44	41	25	76
1087	Тлогоб			140	216
539	Тлондода	532	485	559	466
541	Тлох	1078	1383	945	2741
4219	Тлядал		644	101	540
4231	Тлянада	197	209	137	487
543	Тлянуб	464	594	494	229
545	Тлярата	318	343	318	582
4117	Тлярата	213	238	208	1199
1003	Тляробазутль	184	174	128	95
967	Тлярош	486	713	556	410
1223	Тлях	221	229	170	318
4729	Тляцуда	160	173	91	303
4291	Тох	70	66	50	136
4217	Тохота	268	258	176	621
3281	Тпиг	820	712	888	2730
2373	Трисанчи	560	575	609	1521
3265	Тркал	485	473	372	25
1763	Троч-Махи			19	
1529	Тубукла-Амарла-Махи			5	
1677	Тузламахи		156	121	176
547	Тукита	584	643	657	765
3647	Тулизма	342	332	202	66
41	Тумагари			104	79
2445	Тумеллер	220	222	224	284
1235	Тунзи			263	141
3283	Тураг	676	688	842	1163
2227	Турага	138	137	147	56
1821	Туракаримахи	80	68	51	141
3869	Турали 2-е			27	
3871	Турали 3-е			28	
3813	Турали 4-е			11	
3815	Турали 6-е			40	
1357	Турлуни			83	
3279	Туруф	501	448	443	388
3587	Турци	100	100	75	38
3553	Тухчар	293	293	252	
1289	Убеки Махи			30	
3531	Убра	419	455	428	44
3239	Уджик	99	93	132	
113	Уздалросо	161	184	232	872
1359	Узнимахи	208	229	91	910
1471	Узралмахи	52	49	53	104
739	Узун-Тала			21	
4109	Укал	136	132	96	481
1029	Укитль			81	
3037	Укуз	126	143	189	35
1089	Уларуда			30	
9035	Улехани Махи		46	0	482
3255	Уллу-Готагский Казмаляр			47	
2029	Уллу-Теркеме	159	152	298	1597
1793	Уллуая	1376	1249	1290	5961
3841	Уллубиевка			38	
3843	Уллубиевка			116	
3707	Уллубийаул	2134	2178	1246	3668
3289	Уллугатаг	653	581	542	633
1611	Уллукимахи			109	276
1801	Уллучара	839	754	743	391
2137	Улуз	166	166	209	403
4267	Ульгеб	64	65	53	212
4097	Уна	77	77	87	
1399	Унака-Махи			25	
1785	Унгу-Махи			19	
1189	Ункида			57	432
1917	Унклати			40	
1285	Унты	264	279	256	384
1579	Унцала-Дубра			16	
165	Унцукуль	2228	2089	2315	6276
3557	Унчукатль	1062	1061	788	453
1875	Ураги	334	326	305	318
1209	Урада	1338	1383	1117	2332
1213	Урадаколоб			16	8
1807	Урари	691	496	472	846
1831	Урахи	2768	1573	1476	671
3297	Урга	148	154	163	270
1897	Ургани	273	258	232	406
1361	Ургубамахи	1045		243	1071
1679	Уржагимахи	126	130	111	129
2139	Урзиг	170	156	180	348
3563	Ури	365	379	311	152
1229	Уриб	616	635	702	587
2381	Уркарах	1978	1962	2376	4392
1823	Уркутамахи-1		52	77	161
1825	Уркутамахи-2	109	60	73	185
867	Урма	1152	1250	1432	3861
3421	Урсун	118	165	186	87
741	Уртарака			15	
3173	Уртиль	86	84	136	158
1123	Урух Верхн.			8	
1125	Урух Нижн.			8	
975	Урух-Сота	175	168	193	151
1827	Урхнища		143	156	291
1655	Урхулакар	95	86	64	89
1363	Урхучимахи	285	211	397	2290
1721	Урцаки	511	521	504	299
33	Урчиаб			75	
1175	Урчух	171	175	183	127
2385	Усемикент	637	618	591	1996
1093	Усилиб			30	
1879	Усиша	2745	2708	2632	3931
3039	Усуг	404	418	405	314
4039	Усур	390	379	317	
3975	Усухчай			154	1881
2389	Утамыш	2678	2485	2015	3631
1269	Утлух	93	97	110	88
4043	Ухул	1110	1112	473	222
1657	Уцулимахи	161	128	97	160
2387	Учбулак			54	
813	Учкент			26	3699
2115	Ушнюг	176	187	236	272
4019	Фатма			43	
4049	Фий	1464	1469	916	1709
4051	Филя	1102	1178	799	
2117	Фиргиль	147	175	236	397
3049	Фите	232	227	343	754
3305	Фурдаг	156	166	201	202
4027	Фучух			36	3
1851	Хабкаймахи		93	138	81
1531	Хаганаг-Махи			3	
2163	Хадаги	131	124	155	182
4293	Хадаколоб	23	27	12	263
1883	Хаджалмахи	1647	1750	1698	6188
1919	Хаджалте		132	157	28
4135	Хадиял	159	166	109	302
371	Хадникала			5	
4037	Хал	167	161	194	
2391	Халаг	420	468	380	674
521	Халаки			27	
3581	Халаки	180	192	136	
4771	Халах	52	59	17	32
9027	Халаха-Маклерти		108	0	
871	Халимбекаул	979	841	1100	5011
523	Халих			32	48
1097	Хамагиб			56	71
4731	Хамаитли	133	148	89	22
1019	Хамакал			51	122
1095	Хаман			32	
4119	Хамар	219	212	92	181
661	Хамхартала			36	
797	Хамхарчи-Точе			42	
2403	Ханаг	263	297	283	627
9017	Ханаджи	143	151	0	
2287	Ханак	131	141	123	277
1805	Хананиль-Махи			5	
3571	Ханар	404	355	274	
573	Хандо			18	35
4295	Хантаколоб	51	49	9	
1613	Ханти-Махи			77	
1615	Ханцкаркамахи			197	175
2179	Хапиль	258	279	328	1031
2143	Хараг	193	189	177	499
4299	Харада	143	153	38	307
175	Харахи	657	699	735	1199
177	Харачи	358	382	380	450
1473	Харачи-Махи	23	14	18	
2409	Харбук	1646	1714	1448	1528
179	Хариколо	306	330	410	342
1711	Харк-Махи			8	
9032	Харли-Кент		91	0	
2317	Хархни	72	80	81	101
2419	Хархуни			155	
1935	Хасакент	338	343	289	360
317	Хаутли			20	
1885	Хахита	700	676	623	1164
1103	Хацуноб			81	62
4123	Хашархота	258	289	111	509
427	Хвадо-Кало			55	
4699	Хвайни	128	146	77	258
1237	Хварада			139	41
1233	Хвартикуни		603	637	1322
549	Хварши	538	525	281	335
3221	Хвередж	186	204	210	240
4717	Хебатли	66	163	102	399
1099	Хебдиб (Хебдит)			35	33
1557	Хебрела-Эла		137	77	3
1101	Хелазда			6	
555	Хелетури	410	445	580	721
2413	Хели	171	180	438	574
4741	Хенох	129	37	28	18
4743	Хетох	61	78	32	42
1137	Хецуб	99	97	100	
4773	Хибиятль	140	67	28	124
3319	Хив	724	729	844	2659
4201	Хидиб	46	55	44	45
525	Хилачи			11	
931	Хилих			165	248
43	Химакоро			45	
187	Химакоро	183	196	161	66
189	Хиндах	264	1364	266	562
1181	Хиндах	129	139	130	124
1239	Хиндах	624	531	509	1172
4157	Хиндах	89	83	60	162
203	Хини			245	250
4297	Хинтида	93	99	39	57
1005	Хинуб	291	289	280	305
373	Хинхитель			15	
319	Хинч			131	
933	Хитаб			157	273
241	Хичиха			25	
4085	Хиях	158	155	72	56
4067	Хлют	894	881	787	2069
4057	Хнов	1887	1892	1467	2063
4029	Хнюх	132	137	147	59
4203	Хобох	44	48	52	109
3185	Ходжа-Казмаляр			127	1443
1225	Ходота	386	395	348	924
2077	Хозаян			3	
3485	Хойми	302	330	241	240
3577	Хойхи	763	775	512	379
553	Хонох			65	581
1183	Хонох	215	226	242	117
1187	Хопор			67	45
3323	Хоредж	417	449	640	1080
3335	Хорель			50	1013
1023	Хорода			113	196
4161	Хорода	192	194	180	281
4191	Хорта	30	27	41	66
3601	Хосрех	1631	1733	1521	1629
4301	Хотан-Коло	18	15	6	
4183	Хотлоб	109	109	80	150
1251	Хоточ	895	827	633	1173
1105	Хочо-Бакда			59	
3423	Хпедж	510	559	533	244
3387	Хпек	424	403	342	227
3351	Хпитар	284	304	268	
3425	Хпюк	310	368	397	363
4047	Храх	367	360	149	
4063	Хрюг	1525	1488	1117	2240
3027	Хтун	277	253	120	140
3259	Хтун-Казмаляр			229	1511
321	Хувалач			22	
3155	Худиг	286	305	314	670
3475	Худуц	397	510	389	426
1475	Хулабаркмахи	167	156	134	113
3579	Хулисма	514	528	390	312
3677	Хумаул			92	
3583	Хуна	477	456	385	179
2263	Хунгия	205	199	243	364
183	Хундари Мархо			16	
381	Хунди			46	
193	Хунзах	1741	1768	1810	4246
243	Хунтеро			4	
4737	Хунтли	103	96	69	41
4775	Хупри	144	166	87	553
1593	Хураки			15	
3593	Хури	585	558	412	516
2417	Хурик	877	831	840	2534
3307	Хурсатиль	107	116	136	43
3591	Хурукра	1041	995	503	191
1139	Хурух	336	355	304	87
3595	Хурхи	713	678	512	685
1887	Хуршни	560	540	453	327
2181	Хустиль	208	223	310	593
4777	Хутрах	253	236	89	646
3357	Хутхул	604	670	674	627
3605	Хуты	593	612	470	59
1261	Хуцда-Кала			6	
1263	Хучада	329	330	396	252
2423	Хучни	509	515	384	3232
4749	Хушет	316	408	507	767
557	Хуштада	739	664	813	842
3133	Хюрехюр	311	377	360	356
2291	Хюртиль	88	91	76	
3341	Хюряк	117	124	202	416
9004	Цагиль-Ригикъ (Цокилекъ)	10	4	0	
85	Цада	173	189	185	190
1107	Цалада			126	203
19	Цалкита	102	97	104	108
2119	Цанак	413	464	468	909
105	Цанатль			83	389
2407	Цантиль	131	136	134	284
205	Цатаних	635	603	431	863
283	Цатини			14	
355	Цаху			2	
4075	Цахур	983	1000	669	477
339	Цачах			116	
4687	Цебари	139	150	50	341
9009	Цейгул	49	51	0	
559	Цекоб	481	536	493	143
3261	Целегюн-Казмаляр			57	
163	Цельмес	229	260	251	378
3375	Целягюн-Казмаляр			12	
1001	Цемер	147	285	232	209
1141	Ценеб	264	268	208	131
529	Цератли			50	
1365	Церхимахи			34	494
4745	Цехок	54	47	34	140
245	Цибильта			90	47
323	Цидатль			93	143
1891	Цизгари	388	350	231	352
561	Цилитль	466	509	521	520
4241	Цимгуда	88	94	44	145
1767	Ципко-Махи			18	
3459	Цирхе	169	172	174	7
1109	Цихиль-Куя			4	
4779	Цицимах	49	55	11	57
3267	Цлак	441	439	418	146
3391	Цмур	598	668	578	625
3397	Цнал	889	939	728	672
3611	Цовкра-1	1406	1436	1025	413
3625	Цовкра-2	500	486	353	419
563	Цолода	409	430	577	535
971	Цор			2	
1893	Цугни	736	714	539	751
1769	Цугур-Махи			24	
1899	Цудахар	1457	1439	1546	1354
3321	Цудук	136	134	202	417
325	Цуйди/Цунди			72	30
1265	Цулда	288	319	340	223
1405	Цуликана	389	374	272	264
4753	Цумада	220	292	201	112
4755	Цумада-Урух			41	208
255	Цумали			43	195
247	Цумаль			3	
4205	Цумилух	187	190	152	997
581	Цунди	210	229	194	368
1367	Цундимахи			139	360
1369	Цунимахи	194	200	225	484
1921	Цураи	421	395	259	190
1617	Цурмахи		227	181	337
1559	Цурри			113	
2431	Цуртиль	193	194	194	343
1943	Цухта	431	287	273	1557
2109	Цухтыг	259	262	346	653
3629	Цущар	574	550	447	281
3491	Цыйша	533	564	476	384
4751	Цыхалах	87	86	77	57
1869	Чабазимахи		140	179	181
393	Чабакуры			259	
4305	Чадаколоб	221	230	61	230
3623	Чакал			203	
459	Чакидири			36	
97	Чалда			103	302
185	Чалучикан			12	
4689	Чалях	37	48	18	106
991	Чанаб	105	113	104	16
461	Чанди			112	
3751	Чанка			14	
1371	Чанкаламахи			135	111
565	Чанко	264	351	116	485
3295	Чантаркент	185	174	218	
3479	Чаравали	192	213	169	
1111	Чарах			297	
4163	Чарах	91	93	39	30
1271	Чарода			390	439
1789	Чарта-Махи			11	
2347	Чахдикна	158	166	151	217
1871	Чахилиши-Махи			61	
1563	Чахимахи		26	93	189
2199	Чахрижи	160	161	357	
3263	Чахчах-Казмаляр			198	1928
987	Чвадаб	208	213	151	109
3403	Чере	692	703	841	313
3789	Черлок			13	
1873	Чиквалла-Дуланлала			92	
3389	Чилик	374	340	373	
3201	Чиликар	373	353	406	485
989	Чильдаб	140	155	134	
3753	Чинакар			27	
1375	Чини-Махи Н.			62	
1373	Чинимахи	376	300	206	915
3635	Чираг	914	986	1113	547
577	Чирката	642	639	819	1923
877	Чиркейская ГЭС			2640	
935	Читаб	189	199	190	200
937	Читинская мельница			0	
399	Читль	246	219	230	440
3649	Читур	181	179	191	99
2383	Чишили	312	318	380	553
4303	Чодода	188	195	44	138
743	Чоколук Авзу			9	
49	Чондотль	185	199	202	151
3893	Чонтаул	1356	1128	944	7021
897	Чоригал			32	
4253	Чорода	140	151	152	479
1277	Чох	1537	1497	1527	3222
3111	Чувек	363	86	408	750
1025	Чудиб			35	
3637	Чукна	738	765	649	155
3405	Чулат	420	396	292	1309
2447	Чумли	674	689	728	1874
327	Чунаси			12	
1925	Чуни	412	405	342	882
1143	Чуниб	109	113	93	34
2145	Чурдаф	175	173	182	444
3639	Чуртах	668	683	571	165
463	Чухотль			47	
579	Шабдух	228	218	224	145
1415	Шадни	159	158	97	297
4757	Шаитли	293	222	177	675
1281	Шалиб	464	501	454	171
1791	Шалкал-Махи			29	
429	Шама			44	
3921	Шамхал			57	10883
3913	Шамхал-Термен		178	209	10260
3923	Шамхал-Янгиюрт	876	695	849	1462
3547	Шангода	187	185	175	521
4763	Шапих	120	145	54	301
3599	Шара	723	749	501	714
2203	Шари	313	316	407	19
2355	Шари	188	192	237	83
4747	Шаури	54	58	32	215
1113	Шахаразда			5	
1477	Шахбана-Махи			5	
357	Шахитль			4	
3755	Шахри			10	
3535	Шахува	305	318	235	42
4185	Шидиб	47	38	47	85
4307	Шидиб	84	77	30	204
2231	Шиланша	104	109	99	81
2147	Шиле	152	147	155	208
2261	Шиляги	291	284	297	486
3419	Шимихюр	330	372	398	427
4093	Шиназ	1352	1157	1226	1320
9006	Шинкалабухна		105	0	34
1377	Шинкбалакада			164	18
3549	Шитли	214	234	172	19
3095	Шихикент	481	439	423	964
1581	Шишквала			130	
3643	Шовкра	902	934	679	583
71	Шого			52	
583	Шодрода	453	436	572	807
213	Шотода	229	231	250	360
3427	Штул	1191	1102	793	258
575	Шувуральда			42	
1929	Шукты	567	570	653	614
1283	Шулани	458	493	436	744
57	Шулатута	56	64	89	
2411	Шулерчи	112	111	154	
9026	Шуллахаларти		76	0	
1379	Шумхримахи			120	172
3589	Шуни	260	258	191	31
2239	Шурагат	63	61	80	73
3823	Шушановка			172	1856
431	Шушу-Кари			32	
1115	Щубада			14	
1381	Эбдала-Баганд-Кала-Махи			83	
1931	Эбдалая	612	589	534	816
155	Эбута	97	108	130	170
299	Эгдада			95	202
1119	Эгеда			33	59
3077	Экендиль	183	166	179	473
3417	Экентильский Казмаляр			123	
917	Экибулак			130	111
1449	Элакатмахи		298	323	74
531	Элла			41	
4781	Эльбок	102	106	74	204
533	Эмимигич			53	
1117	Энсеруда			18	37
903	Эрпели	2548	2929	2440	3415
4783	Эчеда	220	227	202	1120
699	Югары-Котан			15	
1533	Юнус-Омар-Гаджи			12	
2319	Юргулиг	93	101	91	296
3009	Юхари-Архит	323	295	280	419
3069	Юхари-Захит	372	370	325	
3205	Юхари-Стал	574	517	710	1709
3015	Юхари-Ярак	269	264	359	351
2997	Юхарикартас	649	646	511	281
2183	Ягдыг	338	360	354	990
4099	Ялак	911	878	704	593
4101	Ялджух	1229	1209	393	
3445	Ялцугар	245	266	316	
2437	Янгикент	1620	1612	1045	1247
1383	Янцарамахи			77	
3309	Яраг	92	89	103	
3187	Яраг-Казмаляр			390	2980
3147	Яргиль	477	463	470	38
3059	Яркуг	134	222	273	339
3215	Яруквалар			1387	436
895	бывший Черкей	894	821	345	
4233	зим. Ахадиб (?)			21	
477	коч. Анцуда			19	
9021	коч. Карабулах	512		0	
527	коч. Ханаси			32	
3415	кут. Экендиль	176	181	70	
889	кут.Кака			305	
909	кут.Кудуш			145	
3713	кут.Царма			35	
795	кутан Айваликол			41	
905	кутан Акайбулак			74	
827	кутан Актёбе			11	
3795	кутан Аялар			89	
3727	кутан Багбай			8	
765	кутан Бугебулак			4	
3659	кутан Гейк-Саалган			16	
673	кутан Дардур			67	
3733	кутан Дах			11	
3763	кутан Игор			31	
3737	кутан Каклаала			15	
843	кутан Кар-Кар			8	
839	кутан Каратебе			12	
835	кутан Кесек-Арт			14	
3903	кутан Лопатин			348	
3689	кутан Мектеб			14	
781	кутан Муку			103	
3745	кутан Мургли			4	
3873	кутан Мутай			41	
3693	кутан Рамазан-Аул			82	
3747	кутан Салтабак			12	
791	кутан Тувар			44	
793	кутан Уллу-Су			42	
913	кутан Чем-Аул			127	
3881	кутан Черкес			15	
799	кутан Эльмеликол			19	
4151	лет. Росноб	47	43	5	
3673	лет.Ватага			44	
9024	лет.Юзбашеван	208		0	
3729	мтф Бурге			10	
1131	мтф Кульзеб	266	274	223	
3793	пол.ст. (Абдусаламкент)			56	
3743	пол.ст.Мескенжа			5	
3253	полустанок Самур			59	
4199	разв.	38	62	38	
4251	разв.	82	90	54	
749	разв. Альма-Терек			43	
753	разв. Бавлакол			59	
363	разв. Белеби			47	
3063	разв. Варта	271	287	338	
1753	разв. Зайдмахи			25	
3443	разв. Кансавкент	211	206	244	
3349	разв. Киан	309	325	303	
3331	разв. Кирка	612	556	463	
3431	разв. Кумук	316	283	271	
3469	разв. Куци	72	72	57	
3449	разв. Маккар	115	114	206	
3369	разв. Махмудкент	469	413	205	
9023	разв. Мечех	490		0	
1493	разв. Муза			5	
1461	разв. Муки	55	56	83	
1675	разв. Нахбармахи	38	19	14	
4015	разв. Нац			80	
4247	разв. Оло-Коло	119	110	62	
3067	разв. Орта-Захит	186	184	168	
3663	разв. Пирджан			24	
9010	разв. Сивриг	19	23	0	
785	разв. Сокуркака			5	
2351	разв. Сулевкенд	581	573	569	
3231	разв. Сыртыч	417	419	483	
425	разв. Тунситль			149	
4197	разв. Урата	73	61	61	
3043	разв. Хакикент	225	211	249	
1659	разв. Хурдалая	33		22	
2995	разв. Царахкент	103	109	144	
3013	разв. Чулак	408	368	385	
3353	разв. Чухверкент	312	330	247	
69	разв. Шагада	263	279	185	
9013	разв. Шарифкент	49	55	0	
2991	разв. Юхари-Араг	308	304	282	
2323	разв.Абдушки	279	261	249	
9019	разв.Аглых	624		0	
3189	разв.Ашага-Мака	289	324	345	
3437	разв.Ашага-Яраг	370	418	406	
4269	разв.Балагита	29	23	10	
4103	разв.Балуджа	381	593	166	
2221	разв.Бартуга	91	88	75	
2223	разв.Барша	123	110	118	
1743	разв.Бахтимахи		55	44	
3439	разв.Береккент	259	241	62	
3347	разв.Бигер	177	267	183	
3441	разв.Бильбилькент	429	472	98	
2033	разв.Бильгади	232	249	162	
2325	разв.Биркли	110	108	155	
3191	разв.Бурши-Мака	288	290	260	
3029	разв.Векеляр	530	472	495	
4089	разв.Газардикам	119	114	63	
2129	разв.Галинта	87	91	72	
2269	разв.Гарик	30	33	58	
3093	разв.Гезеркент	97	84	135	
3235	разв.Гензир	98	106	129	
3945	разв.Гоган	634	628	541	
2133	разв.Гулли	138	117	116	
3233	разв.Гюграг	215	224	315	
2289	разв.Гярих	76	75	79	
3051	разв.Даркуш	452	418	351	
2339	разв.Дарща	102	110	209	
3339	разв.Дашлыкент	135	136	182	
2273	разв.Джагрик	23	22	22	
9011	разв.Джанджибарик	60	58	0	
3343	разв.Джахдаг	100	99	118	
2395	разв.Думурхиль	271	284	258	
2275	разв.Зертиль	29	31	50	
2361	разв.Инаки	104	86	117	
3947	разв.Кама-Кчун	85	109	145	
2207	разв.Каракурош	264	269	287	
1755	разв.Каркутмахи		27	24	
4065	разв.Кахул	415	406	318	
3385	разв.Келе	390	410	409	
2039	разв.Кемах	374	383	426	
3129	разв.Кимихюр	212	229	186	
2225	разв.Кираж	44	44	86	
3177	разв.Куйсун	608	588	315	
1927	разв.Кукнамахи			51	
3401	разв.Кура	92	88	71	
3227	разв.Куркуркент	255	320	238	
3567	разв.Курхи	56	58	77	
1761	разв.Кусамахи		49	42	
3287	разв.Куярик	222	227	257	
3949	разв.Кчун	261	284	169	
2277	разв.Кюледжик	35	37	46	
3991	разв.Мака	990	1069	610	
3229	разв.Мехкерг	357	343	285	
3237	разв.Мехтикент	93	98	99	
2363	разв.Мирсия	92	84	88	
2365	разв.Мисарга	91	99	99	
3195	разв.Мугерган	657	605	464	
893	разв.Мугу-Тола			93	
3223	разв.Рухун	472	455	458	
1687	разв.Санамахи	1638	307	344	
1203	разв.Сок	171	139	162	
2397	разв.Сулантиль	79	74	93	
4289	разв.Тагада	59	61	34	
2357	разв.Тама	341	342	407	
3131	разв.Титель	322	291	191	
9002	разв.Толох	512	525	0	
3555	разв.Турчи	403	441	408	
2229	разв.Ургая	174	164	119	
2141	разв.Урсиг	108	103	115	
1765	разв.Урцамахи		46	71	
2369	разв.Уршеги	103	113	129	
4105	разв.Филидзах	273	269	80	
3269	разв.Фриг	415	417	334	
4091	разв.Хаджалкент	218	234	282	
2285	разв.Хак	16	16	21	
1757	разв.Хинцамахи			34	
3337	разв.Хулюг	125	127	178	
4055	разв.Хуля	359	362	224	
2401	разв.Хурциль	40	43	35	
3345	разв.Хутарг	517	446	443	
3361	разв.Целягюн	615	587	487	
2371	разв.Цибарчи	87	85	100	
3377	разв.Цилинг	652	587	455	
1787	разв.Цитамахи			47	
3453	разв.Цицер	110	110	81	
3383	разв.Цициг	370	381	374	
1161	разв.Цолода			36	
C02	разв.Чадыри	303	360	0	
1773	разв.Чалаймахи			13	
4087	разв.Чахчах	463	489	566	
3655	разв.Чаях	327	353	263	
1771	разв.Чогнимахи	138	134	61	
1145	разв.Шугинуб	127	123	120	
3355	разв.Эвигар	342	351	400	
3193	разв.Юхари-Мака	424	453	349	
3271	разв.Юхари-Цинит	192	293	173	
3435	разв.Юхары-Яраг	751	684	449	
3803	рыб.пром.Турали 1-е			163	
3817	рыб.пром.Турали 7-е			12	
3709	рыб.промыслы			61	
2049	рыбацкий посёлок			128	
2051	рыбацкий посёлок			92	
3811	соляные промыслы Турали			5	
1975	ст.Берикей			57	
3771	ст.Избербаш			57	
3787	ст.Кумтор-Кале			53	
2047	ст.Папас			85	
3711	ст.Уллубиево			104	
3759	станция Ачи			50	
3859	станция Кизил-Юрт			74	
3879	станция Уйташ			69	
1965	турбаза возле устья р.Рубас			34	
3825	ур. (Самуркент)			254	
1567	ур. Аямахи		140	145	
1903	ур. Верх. Буртанимахи			69	
1421	ур. Герга	705	711	922	
1641	ур. Доцурбалакада	64	81	37	
1643	ур. Доцурбалакада			17	
805	ур. Курте			180	
3619	ур. Уллаурти			77	
3127	ур.Аликент	679	783	691	
3463	ур.Арчутта	78	76	51	
3697	ур.Атлыбуюн	554	541	495	
3671	ур.Аулиткен			189	
885	ур.Ахмей-Отар			67	
869	ур.Ачаби			94	
883	ур.Аччи			26	
9014	ур.Барбаракенд	19	16	0	
3613	ур.Барных			142	
2069	ур.Гаджият			6	
3497	ур.Гаркас			33	
2003	ур.Гимейди	830	834	637	
3627	ур.Джапаралмахи	72	66	46	
3073	ур.Имамкуликент	36	41	14	
663	ур.Кангалы	309	299	335	
811	ур.Капчугай	589	445	531	
3741	ур.Каца			27	
3545	ур.Кегарчи	94	109	76	
1911	ур.Косумтемахи		160	85	
3783	ур.Кумторкала	1920	2030	2060	
807	ур.Маралмахи			74	
1889	ур.Милица			12	
3653	ур.Мукур	133	131	95	
1689	ур.Ниж.Алаци		56	48	
2441	ур.Ниж.Гулии			235	
9012	ур.Нитюг	386	372	0	
2125	ур.Оглавкент	49	42	53	
3251	ур.Пеперкенд-Казма			229	
3213	ур.Салик	124	145	159	
1867	ур.Сугурбашимахи	169	197	135	
3617	ур.Тукатмахи			42	
3515	ур.Тыркра			7	
1447	ур.Удуб-Карчамахи		78	260	
3257	ур.Фергяткент	60	48	62	
1877	ур.Хулакади			14	
1037	ур.Хулиб			106	
9008	ур.Хулиме		43	0	
809	ур.Хурсанмахи			75	
3241	ур.Хурцик	176	165	184	
3621	ур.Хялух			58	
3413	ур.Чулат-Казмаляр			81	
915	ур.Шамхалбулак			265	
3895	ур.Шамшудинтугай			132	
3651	ур.Шуши	200	211	159	
4223	часть Гунзиба	141	147	25	
4229	часть Гунзиба	137	140	23	
375	№ 1			6	
377	№ 2			8	
